,336.nii.img,dummy_category
,139.nii.img,dummy_category
,98.nii.img,dummy_category
,256.nii.img,dummy_category
,88.nii.img,dummy_category
,92.nii.img,dummy_category
,322.nii.img,dummy_category
,302.nii.img,dummy_category
,249.nii.img,dummy_category
,674.nii.img,dummy_category
,644.nii.img,dummy_category
,909.nii.img,dummy_category
,121.nii.img,dummy_category
,166.nii.img,dummy_category
,491.nii.img,dummy_category
,79.nii.img,dummy_category
,213.nii.img,dummy_category
,187.nii.img,dummy_category
,200.nii.img,dummy_category
,996.nii.img,dummy_category
,593.nii.img,dummy_category
,372.nii.img,dummy_category
,178.nii.img,dummy_category
,798.nii.img,dummy_category
,907.nii.img,dummy_category
,214.nii.img,dummy_category
,242.nii.img,dummy_category
,129.nii.img,dummy_category
,679.nii.img,dummy_category
,855.nii.img,dummy_category
,617.nii.img,dummy_category
,906.nii.img,dummy_category
,40.nii.img,dummy_category
,182.nii.img,dummy_category
,591.nii.img,dummy_category
,680.nii.img,dummy_category
,37.nii.img,dummy_category
,770.nii.img,dummy_category
,224.nii.img,dummy_category
,747.nii.img,dummy_category
,738.nii.img,dummy_category
,113.nii.img,dummy_category
,429.nii.img,dummy_category
,30.nii.img,dummy_category
,749.nii.img,dummy_category
,860.nii.img,dummy_category
,504.nii.img,dummy_category
,240.nii.img,dummy_category
,677.nii.img,dummy_category
,821.nii.img,dummy_category
,827.nii.img,dummy_category
,379.nii.img,dummy_category
,794.nii.img,dummy_category
,838.nii.img,dummy_category
,569.nii.img,dummy_category
,310.nii.img,dummy_category
,73.nii.img,dummy_category
,800.nii.img,dummy_category
,152.nii.img,dummy_category
,260.nii.img,dummy_category
,713.nii.img,dummy_category
,678.nii.img,dummy_category
,16.nii.img,dummy_category
,118.nii.img,dummy_category
,844.nii.img,dummy_category
,362.nii.img,dummy_category
,312.nii.img,dummy_category
,507.nii.img,dummy_category
,810.nii.img,dummy_category
,554.nii.img,dummy_category
,106.nii.img,dummy_category
,675.nii.img,dummy_category
,774.nii.img,dummy_category
,396.nii.img,dummy_category
,685.nii.img,dummy_category
,769.nii.img,dummy_category
,967.nii.img,dummy_category
,673.nii.img,dummy_category
,998.nii.img,dummy_category
,704.nii.img,dummy_category
,670.nii.img,dummy_category
,825.nii.img,dummy_category
,160.nii.img,dummy_category
,665.nii.img,dummy_category
,818.nii.img,dummy_category
,71.nii.img,dummy_category
,904.nii.img,dummy_category
,911.nii.img,dummy_category
,616.nii.img,dummy_category
,895.nii.img,dummy_category
,524.nii.img,dummy_category
,559.nii.img,dummy_category
,566.nii.img,dummy_category
,486.nii.img,dummy_category
,968.nii.img,dummy_category
,870.nii.img,dummy_category
,203.nii.img,dummy_category
,923.nii.img,dummy_category
,232.nii.img,dummy_category
,944.nii.img,dummy_category
,875.nii.img,dummy_category
,347.nii.img,dummy_category
,484.nii.img,dummy_category
,164.nii.img,dummy_category
,439.nii.img,dummy_category
,436.nii.img,dummy_category
,890.nii.img,dummy_category
,145.nii.img,dummy_category
,262.nii.img,dummy_category
,402.nii.img,dummy_category
,787.nii.img,dummy_category
,803.nii.img,dummy_category
,475.nii.img,dummy_category
,167.nii.img,dummy_category
,419.nii.img,dummy_category
,179.nii.img,dummy_category
,42.nii.img,dummy_category
,151.nii.img,dummy_category
,801.nii.img,dummy_category
,681.nii.img,dummy_category
,671.nii.img,dummy_category
,564.nii.img,dummy_category
,548.nii.img,dummy_category
,560.nii.img,dummy_category
,86.nii.img,dummy_category
,465.nii.img,dummy_category
,943.nii.img,dummy_category
,604.nii.img,dummy_category
,163.nii.img,dummy_category
,932.nii.img,dummy_category
,305.nii.img,dummy_category
,378.nii.img,dummy_category
,580.nii.img,dummy_category
,541.nii.img,dummy_category
,935.nii.img,dummy_category
,80.nii.img,dummy_category
,123.nii.img,dummy_category
,410.nii.img,dummy_category
,847.nii.img,dummy_category
,66.nii.img,dummy_category
,68.nii.img,dummy_category
,742.nii.img,dummy_category
,482.nii.img,dummy_category
,565.nii.img,dummy_category
,455.nii.img,dummy_category
,329.nii.img,dummy_category
,59.nii.img,dummy_category
,873.nii.img,dummy_category
,114.nii.img,dummy_category
,971.nii.img,dummy_category
,421.nii.img,dummy_category
,246.nii.img,dummy_category
,135.nii.img,dummy_category
,605.nii.img,dummy_category
,585.nii.img,dummy_category
,29.nii.img,dummy_category
,561.nii.img,dummy_category
,404.nii.img,dummy_category
,767.nii.img,dummy_category
,185.nii.img,dummy_category
,992.nii.img,dummy_category
,901.nii.img,dummy_category
,812.nii.img,dummy_category
,960.nii.img,dummy_category
,549.nii.img,dummy_category
,307.nii.img,dummy_category
,272.nii.img,dummy_category
,46.nii.img,dummy_category
,521.nii.img,dummy_category
,11.nii.img,dummy_category
,985.nii.img,dummy_category
,501.nii.img,dummy_category
,400.nii.img,dummy_category
,157.nii.img,dummy_category
,345.nii.img,dummy_category
,581.nii.img,dummy_category
,13.nii.img,dummy_category
,296.nii.img,dummy_category
,848.nii.img,dummy_category
,705.nii.img,dummy_category
,479.nii.img,dummy_category
,243.nii.img,dummy_category
,595.nii.img,dummy_category
,301.nii.img,dummy_category
,337.nii.img,dummy_category
,979.nii.img,dummy_category
,896.nii.img,dummy_category
,267.nii.img,dummy_category
,697.nii.img,dummy_category
,264.nii.img,dummy_category
,916.nii.img,dummy_category
,177.nii.img,dummy_category
,452.nii.img,dummy_category
,689.nii.img,dummy_category
,41.nii.img,dummy_category
,33.nii.img,dummy_category
,590.nii.img,dummy_category
,714.nii.img,dummy_category
,921.nii.img,dummy_category
,480.nii.img,dummy_category
,668.nii.img,dummy_category
,955.nii.img,dummy_category
,424.nii.img,dummy_category
,746.nii.img,dummy_category
,12.nii.img,dummy_category
,241.nii.img,dummy_category
,822.nii.img,dummy_category
,635.nii.img,dummy_category
,706.nii.img,dummy_category
,760.nii.img,dummy_category
,584.nii.img,dummy_category
,499.nii.img,dummy_category
,488.nii.img,dummy_category
,842.nii.img,dummy_category
,210.nii.img,dummy_category
,393.nii.img,dummy_category
,572.nii.img,dummy_category
,707.nii.img,dummy_category
,373.nii.img,dummy_category
,27.nii.img,dummy_category
,815.nii.img,dummy_category
,606.nii.img,dummy_category
,51.nii.img,dummy_category
,278.nii.img,dummy_category
,736.nii.img,dummy_category
,352.nii.img,dummy_category
,399.nii.img,dummy_category
,667.nii.img,dummy_category
,587.nii.img,dummy_category
,919.nii.img,dummy_category
,22.nii.img,dummy_category
,820.nii.img,dummy_category
,850.nii.img,dummy_category
,273.nii.img,dummy_category
,153.nii.img,dummy_category
,31.nii.img,dummy_category
,323.nii.img,dummy_category
,839.nii.img,dummy_category
,228.nii.img,dummy_category
,656.nii.img,dummy_category
,34.nii.img,dummy_category
,958.nii.img,dummy_category
,180.nii.img,dummy_category
,326.nii.img,dummy_category
,146.nii.img,dummy_category
,115.nii.img,dummy_category
,917.nii.img,dummy_category
,862.nii.img,dummy_category
,925.nii.img,dummy_category
,481.nii.img,dummy_category
,175.nii.img,dummy_category
,120.nii.img,dummy_category
,341.nii.img,dummy_category
,53.nii.img,dummy_category
,350.nii.img,dummy_category
,889.nii.img,dummy_category
,732.nii.img,dummy_category
,222.nii.img,dummy_category
,204.nii.img,dummy_category
,796.nii.img,dummy_category
,980.nii.img,dummy_category
,858.nii.img,dummy_category
,43.nii.img,dummy_category
,420.nii.img,dummy_category
,513.nii.img,dummy_category
,701.nii.img,dummy_category
,726.nii.img,dummy_category
,757.nii.img,dummy_category
,103.nii.img,dummy_category
,229.nii.img,dummy_category
,662.nii.img,dummy_category
,365.nii.img,dummy_category
,25.nii.img,dummy_category
,956.nii.img,dummy_category
,712.nii.img,dummy_category
,974.nii.img,dummy_category
,571.nii.img,dummy_category
,99.nii.img,dummy_category
,4.nii.img,dummy_category
,65.nii.img,dummy_category
,851.nii.img,dummy_category
,865.nii.img,dummy_category
,155.nii.img,dummy_category
,110.nii.img,dummy_category
,993.nii.img,dummy_category
,116.nii.img,dummy_category
,978.nii.img,dummy_category
,600.nii.img,dummy_category
,276.nii.img,dummy_category
,77.nii.img,dummy_category
,134.nii.img,dummy_category
,553.nii.img,dummy_category
,392.nii.img,dummy_category
,442.nii.img,dummy_category
,933.nii.img,dummy_category
,446.nii.img,dummy_category
,987.nii.img,dummy_category
,788.nii.img,dummy_category
,454.nii.img,dummy_category
,540.nii.img,dummy_category
,354.nii.img,dummy_category
,894.nii.img,dummy_category
,176.nii.img,dummy_category
,645.nii.img,dummy_category
,325.nii.img,dummy_category
,734.nii.img,dummy_category
,852.nii.img,dummy_category
,20.nii.img,dummy_category
,829.nii.img,dummy_category
,476.nii.img,dummy_category
,619.nii.img,dummy_category
,602.nii.img,dummy_category
,915.nii.img,dummy_category
,131.nii.img,dummy_category
,285.nii.img,dummy_category
,444.nii.img,dummy_category
,437.nii.img,dummy_category
,632.nii.img,dummy_category
,660.nii.img,dummy_category
,578.nii.img,dummy_category
,317.nii.img,dummy_category
,206.nii.img,dummy_category
,556.nii.img,dummy_category
,369.nii.img,dummy_category
,173.nii.img,dummy_category
,545.nii.img,dummy_category
,756.nii.img,dummy_category
,58.nii.img,dummy_category
,861.nii.img,dummy_category
,472.nii.img,dummy_category
,8.nii.img,dummy_category
,934.nii.img,dummy_category
,530.nii.img,dummy_category
,148.nii.img,dummy_category
,843.nii.img,dummy_category
,358.nii.img,dummy_category
,496.nii.img,dummy_category
,201.nii.img,dummy_category
,234.nii.img,dummy_category
,52.nii.img,dummy_category
,735.nii.img,dummy_category
,826.nii.img,dummy_category
,729.nii.img,dummy_category
,389.nii.img,dummy_category
,433.nii.img,dummy_category
,776.nii.img,dummy_category
,235.nii.img,dummy_category
,387.nii.img,dummy_category
,557.nii.img,dummy_category
,854.nii.img,dummy_category
,586.nii.img,dummy_category
,718.nii.img,dummy_category
,321.nii.img,dummy_category
,940.nii.img,dummy_category
,239.nii.img,dummy_category
,624.nii.img,dummy_category
,64.nii.img,dummy_category
,555.nii.img,dummy_category
,469.nii.img,dummy_category
,218.nii.img,dummy_category
,401.nii.img,dummy_category
,28.nii.img,dummy_category
,654.nii.img,dummy_category
,518.nii.img,dummy_category
,60.nii.img,dummy_category
,994.nii.img,dummy_category
,543.nii.img,dummy_category
,62.nii.img,dummy_category
,995.nii.img,dummy_category
,211.nii.img,dummy_category
,227.nii.img,dummy_category
,544.nii.img,dummy_category
,460.nii.img,dummy_category
,715.nii.img,dummy_category
,695.nii.img,dummy_category
,261.nii.img,dummy_category
,277.nii.img,dummy_category
,5.nii.img,dummy_category
,233.nii.img,dummy_category
,67.nii.img,dummy_category
,845.nii.img,dummy_category
,48.nii.img,dummy_category
,634.nii.img,dummy_category
,520.nii.img,dummy_category
,238.nii.img,dummy_category
,691.nii.img,dummy_category
,972.nii.img,dummy_category
,853.nii.img,dummy_category
,957.nii.img,dummy_category
,615.nii.img,dummy_category
,745.nii.img,dummy_category
,458.nii.img,dummy_category
,247.nii.img,dummy_category
,297.nii.img,dummy_category
,977.nii.img,dummy_category
,202.nii.img,dummy_category
,963.nii.img,dummy_category
,981.nii.img,dummy_category
,527.nii.img,dummy_category
,563.nii.img,dummy_category
,879.nii.img,dummy_category
,386.nii.img,dummy_category
,63.nii.img,dummy_category
,648.nii.img,dummy_category
,669.nii.img,dummy_category
,287.nii.img,dummy_category
,988.nii.img,dummy_category
,655.nii.img,dummy_category
,509.nii.img,dummy_category
,576.nii.img,dummy_category
,872.nii.img,dummy_category
,258.nii.img,dummy_category
,984.nii.img,dummy_category
,477.nii.img,dummy_category
,209.nii.img,dummy_category
,216.nii.img,dummy_category
,739.nii.img,dummy_category
,611.nii.img,dummy_category
,193.nii.img,dummy_category
,394.nii.img,dummy_category
,771.nii.img,dummy_category
,183.nii.img,dummy_category
,727.nii.img,dummy_category
,790.nii.img,dummy_category
,690.nii.img,dummy_category
,962.nii.img,dummy_category
,937.nii.img,dummy_category
,547.nii.img,dummy_category
,763.nii.img,dummy_category
,463.nii.img,dummy_category
,304.nii.img,dummy_category
,319.nii.img,dummy_category
,686.nii.img,dummy_category
,26.nii.img,dummy_category
,96.nii.img,dummy_category
,447.nii.img,dummy_category
,2.nii.img,dummy_category
,834.nii.img,dummy_category
,784.nii.img,dummy_category
,658.nii.img,dummy_category
,230.nii.img,dummy_category
,190.nii.img,dummy_category
,32.nii.img,dummy_category
,494.nii.img,dummy_category
,841.nii.img,dummy_category
,809.nii.img,dummy_category
,639.nii.img,dummy_category
,189.nii.img,dummy_category
,661.nii.img,dummy_category
,721.nii.img,dummy_category
,497.nii.img,dummy_category
,887.nii.img,dummy_category
,744.nii.img,dummy_category
,205.nii.img,dummy_category
,360.nii.img,dummy_category
,161.nii.img,dummy_category
,579.nii.img,dummy_category
,363.nii.img,dummy_category
,772.nii.img,dummy_category
,349.nii.img,dummy_category
,158.nii.img,dummy_category
,368.nii.img,dummy_category
,719.nii.img,dummy_category
,186.nii.img,dummy_category
,468.nii.img,dummy_category
,245.nii.img,dummy_category
,893.nii.img,dummy_category
,700.nii.img,dummy_category
,948.nii.img,dummy_category
,652.nii.img,dummy_category
,1000.nii.img,dummy_category
,533.nii.img,dummy_category
,335.nii.img,dummy_category
,567.nii.img,dummy_category
,426.nii.img,dummy_category
,140.nii.img,dummy_category
,922.nii.img,dummy_category
,575.nii.img,dummy_category
,603.nii.img,dummy_category
,195.nii.img,dummy_category
,753.nii.img,dummy_category
,441.nii.img,dummy_category
,897.nii.img,dummy_category
,327.nii.img,dummy_category
,332.nii.img,dummy_category
,406.nii.img,dummy_category
,391.nii.img,dummy_category
,828.nii.img,dummy_category
,162.nii.img,dummy_category
,361.nii.img,dummy_category
,174.nii.img,dummy_category
,785.nii.img,dummy_category
,930.nii.img,dummy_category
,536.nii.img,dummy_category
,311.nii.img,dummy_category
,409.nii.img,dummy_category
,592.nii.img,dummy_category
,225.nii.img,dummy_category
,989.nii.img,dummy_category
,334.nii.img,dummy_category
,434.nii.img,dummy_category
,802.nii.img,dummy_category
,366.nii.img,dummy_category
,169.nii.img,dummy_category
,811.nii.img,dummy_category
,740.nii.img,dummy_category
,35.nii.img,dummy_category
,459.nii.img,dummy_category
,891.nii.img,dummy_category
,646.nii.img,dummy_category
,101.nii.img,dummy_category
,823.nii.img,dummy_category
,562.nii.img,dummy_category
,637.nii.img,dummy_category
,807.nii.img,dummy_category
,254.nii.img,dummy_category
,953.nii.img,dummy_category
,219.nii.img,dummy_category
,108.nii.img,dummy_category
,863.nii.img,dummy_category
,485.nii.img,dummy_category
,170.nii.img,dummy_category
,306.nii.img,dummy_category
,867.nii.img,dummy_category
,926.nii.img,dummy_category
,428.nii.img,dummy_category
,397.nii.img,dummy_category
,537.nii.img,dummy_category
,699.nii.img,dummy_category
,539.nii.img,dummy_category
,295.nii.img,dummy_category
,144.nii.img,dummy_category
,748.nii.img,dummy_category
,265.nii.img,dummy_category
,795.nii.img,dummy_category
,14.nii.img,dummy_category
,640.nii.img,dummy_category
,759.nii.img,dummy_category
,380.nii.img,dummy_category
,698.nii.img,dummy_category
,523.nii.img,dummy_category
,514.nii.img,dummy_category
,868.nii.img,dummy_category
,18.nii.img,dummy_category
,17.nii.img,dummy_category
,768.nii.img,dummy_category
,538.nii.img,dummy_category
,623.nii.img,dummy_category
,886.nii.img,dummy_category
,467.nii.img,dummy_category
,339.nii.img,dummy_category
,423.nii.img,dummy_category
,959.nii.img,dummy_category
,390.nii.img,dummy_category
,508.nii.img,dummy_category
,999.nii.img,dummy_category
,432.nii.img,dummy_category
,23.nii.img,dummy_category
,620.nii.img,dummy_category
,191.nii.img,dummy_category
,328.nii.img,dummy_category
,900.nii.img,dummy_category
,137.nii.img,dummy_category
,377.nii.img,dummy_category
,570.nii.img,dummy_category
,194.nii.img,dummy_category
,370.nii.img,dummy_category
,529.nii.img,dummy_category
,546.nii.img,dummy_category
,212.nii.img,dummy_category
,609.nii.img,dummy_category
,516.nii.img,dummy_category
,833.nii.img,dummy_category
,511.nii.img,dummy_category
,255.nii.img,dummy_category
,111.nii.img,dummy_category
,831.nii.img,dummy_category
,837.nii.img,dummy_category
,462.nii.img,dummy_category
,300.nii.img,dummy_category
,583.nii.img,dummy_category
,215.nii.img,dummy_category
,303.nii.img,dummy_category
,356.nii.img,dummy_category
,355.nii.img,dummy_category
,367.nii.img,dummy_category
,279.nii.img,dummy_category
,573.nii.img,dummy_category
,696.nii.img,dummy_category
,220.nii.img,dummy_category
,720.nii.img,dummy_category
,184.nii.img,dummy_category
,621.nii.img,dummy_category
,154.nii.img,dummy_category
,49.nii.img,dummy_category
,464.nii.img,dummy_category
,526.nii.img,dummy_category
,912.nii.img,dummy_category
,808.nii.img,dummy_category
,383.nii.img,dummy_category
,359.nii.img,dummy_category
,643.nii.img,dummy_category
,982.nii.img,dummy_category
,315.nii.img,dummy_category
,528.nii.img,dummy_category
,413.nii.img,dummy_category
,56.nii.img,dummy_category
,558.nii.img,dummy_category
,777.nii.img,dummy_category
,684.nii.img,dummy_category
,638.nii.img,dummy_category
,126.nii.img,dummy_category
,598.nii.img,dummy_category
,75.nii.img,dummy_category
,692.nii.img,dummy_category
,69.nii.img,dummy_category
,502.nii.img,dummy_category
,633.nii.img,dummy_category
,874.nii.img,dummy_category
,510.nii.img,dummy_category
,466.nii.img,dummy_category
,568.nii.img,dummy_category
,440.nii.img,dummy_category
,840.nii.img,dummy_category
,221.nii.img,dummy_category
,791.nii.img,dummy_category
,422.nii.img,dummy_category
,353.nii.img,dummy_category
,797.nii.img,dummy_category
,82.nii.img,dummy_category
,920.nii.img,dummy_category
,168.nii.img,dummy_category
,431.nii.img,dummy_category
,631.nii.img,dummy_category
,253.nii.img,dummy_category
,471.nii.img,dummy_category
,503.nii.img,dummy_category
,338.nii.img,dummy_category
,381.nii.img,dummy_category
,343.nii.img,dummy_category
,450.nii.img,dummy_category
,983.nii.img,dummy_category
,589.nii.img,dummy_category
,799.nii.img,dummy_category
,913.nii.img,dummy_category
,371.nii.img,dummy_category
,127.nii.img,dummy_category
,512.nii.img,dummy_category
,188.nii.img,dummy_category
,412.nii.img,dummy_category
,805.nii.img,dummy_category
,505.nii.img,dummy_category
,761.nii.img,dummy_category
,931.nii.img,dummy_category
,492.nii.img,dummy_category
,208.nii.img,dummy_category
,597.nii.img,dummy_category
,783.nii.img,dummy_category
,39.nii.img,dummy_category
,487.nii.img,dummy_category
,703.nii.img,dummy_category
,918.nii.img,dummy_category
,945.nii.img,dummy_category
,657.nii.img,dummy_category
,456.nii.img,dummy_category
,859.nii.img,dummy_category
,403.nii.img,dummy_category
,884.nii.img,dummy_category
,495.nii.img,dummy_category
,857.nii.img,dummy_category
,263.nii.img,dummy_category
,3.nii.img,dummy_category
,582.nii.img,dummy_category
,942.nii.img,dummy_category
,250.nii.img,dummy_category
,898.nii.img,dummy_category
,666.nii.img,dummy_category
,93.nii.img,dummy_category
,136.nii.img,dummy_category
,730.nii.img,dummy_category
,124.nii.img,dummy_category
,223.nii.img,dummy_category
,231.nii.img,dummy_category
,94.nii.img,dummy_category
,878.nii.img,dummy_category
,782.nii.img,dummy_category
,766.nii.img,dummy_category
,849.nii.img,dummy_category
,525.nii.img,dummy_category
,156.nii.img,dummy_category
,324.nii.img,dummy_category
,629.nii.img,dummy_category
,722.nii.img,dummy_category
,38.nii.img,dummy_category
,885.nii.img,dummy_category
,908.nii.img,dummy_category
,676.nii.img,dummy_category
,333.nii.img,dummy_category
,877.nii.img,dummy_category
,883.nii.img,dummy_category
,876.nii.img,dummy_category
,764.nii.img,dummy_category
,196.nii.img,dummy_category
,614.nii.img,dummy_category
,473.nii.img,dummy_category
,830.nii.img,dummy_category
,237.nii.img,dummy_category
,625.nii.img,dummy_category
,506.nii.img,dummy_category
,45.nii.img,dummy_category
,449.nii.img,dummy_category
,198.nii.img,dummy_category
,1.nii.img,dummy_category
,630.nii.img,dummy_category
,552.nii.img,dummy_category
,924.nii.img,dummy_category
,451.nii.img,dummy_category
,535.nii.img,dummy_category
,910.nii.img,dummy_category
,414.nii.img,dummy_category
,364.nii.img,dummy_category
,132.nii.img,dummy_category
,866.nii.img,dummy_category
,112.nii.img,dummy_category
,294.nii.img,dummy_category
,717.nii.img,dummy_category
,309.nii.img,dummy_category
,819.nii.img,dummy_category
,275.nii.img,dummy_category
,105.nii.img,dummy_category
,775.nii.img,dummy_category
,453.nii.img,dummy_category
,418.nii.img,dummy_category
,125.nii.img,dummy_category
,226.nii.img,dummy_category
,6.nii.img,dummy_category
,128.nii.img,dummy_category
,728.nii.img,dummy_category
,966.nii.img,dummy_category
,612.nii.img,dummy_category
,737.nii.img,dummy_category
,755.nii.img,dummy_category
,601.nii.img,dummy_category
,149.nii.img,dummy_category
,388.nii.img,dummy_category
,298.nii.img,dummy_category
,928.nii.img,dummy_category
,641.nii.img,dummy_category
,650.nii.img,dummy_category
,282.nii.img,dummy_category
,197.nii.img,dummy_category
,490.nii.img,dummy_category
,36.nii.img,dummy_category
,682.nii.img,dummy_category
,266.nii.img,dummy_category
,81.nii.img,dummy_category
,888.nii.img,dummy_category
,289.nii.img,dummy_category
,320.nii.img,dummy_category
,754.nii.img,dummy_category
,711.nii.img,dummy_category
,331.nii.img,dummy_category
,15.nii.img,dummy_category
,709.nii.img,dummy_category
,489.nii.img,dummy_category
,44.nii.img,dummy_category
,653.nii.img,dummy_category
,970.nii.img,dummy_category
,251.nii.img,dummy_category
,725.nii.img,dummy_category
,171.nii.img,dummy_category
,445.nii.img,dummy_category
,9.nii.img,dummy_category
,927.nii.img,dummy_category
,522.nii.img,dummy_category
,649.nii.img,dummy_category
,19.nii.img,dummy_category
,457.nii.img,dummy_category
,10.nii.img,dummy_category
,954.nii.img,dummy_category
,618.nii.img,dummy_category
,257.nii.img,dummy_category
,939.nii.img,dummy_category
,199.nii.img,dummy_category
,975.nii.img,dummy_category
,964.nii.img,dummy_category
,217.nii.img,dummy_category
,252.nii.img,dummy_category
,291.nii.img,dummy_category
,159.nii.img,dummy_category
,786.nii.img,dummy_category
,723.nii.img,dummy_category
,731.nii.img,dummy_category
,142.nii.img,dummy_category
,534.nii.img,dummy_category
,150.nii.img,dummy_category
,750.nii.img,dummy_category
,594.nii.img,dummy_category
,308.nii.img,dummy_category
,952.nii.img,dummy_category
,899.nii.img,dummy_category
,461.nii.img,dummy_category
,50.nii.img,dummy_category
,946.nii.img,dummy_category
,122.nii.img,dummy_category
,248.nii.img,dummy_category
,61.nii.img,dummy_category
,415.nii.img,dummy_category
,892.nii.img,dummy_category
,192.nii.img,dummy_category
,613.nii.img,dummy_category
,816.nii.img,dummy_category
,973.nii.img,dummy_category
,708.nii.img,dummy_category
,172.nii.img,dummy_category
,832.nii.img,dummy_category
,664.nii.img,dummy_category
,165.nii.img,dummy_category
,765.nii.img,dummy_category
,724.nii.img,dummy_category
,659.nii.img,dummy_category
,778.nii.img,dummy_category
,626.nii.img,dummy_category
,470.nii.img,dummy_category
,376.nii.img,dummy_category
,340.nii.img,dummy_category
,435.nii.img,dummy_category
,438.nii.img,dummy_category
,752.nii.img,dummy_category
,938.nii.img,dummy_category
,269.nii.img,dummy_category
,762.nii.img,dummy_category
,78.nii.img,dummy_category
,627.nii.img,dummy_category
,741.nii.img,dummy_category
,905.nii.img,dummy_category
,97.nii.img,dummy_category
,280.nii.img,dummy_category
,382.nii.img,dummy_category
,109.nii.img,dummy_category
,427.nii.img,dummy_category
,346.nii.img,dummy_category
,425.nii.img,dummy_category
,517.nii.img,dummy_category
,74.nii.img,dummy_category
,284.nii.img,dummy_category
,622.nii.img,dummy_category
,683.nii.img,dummy_category
,793.nii.img,dummy_category
,498.nii.img,dummy_category
,628.nii.img,dummy_category
,293.nii.img,dummy_category
,398.nii.img,dummy_category
,286.nii.img,dummy_category
,869.nii.img,dummy_category
,314.nii.img,dummy_category
,864.nii.img,dummy_category
,693.nii.img,dummy_category
,806.nii.img,dummy_category
,550.nii.img,dummy_category
,515.nii.img,dummy_category
,385.nii.img,dummy_category
,443.nii.img,dummy_category
,647.nii.img,dummy_category
,89.nii.img,dummy_category
,846.nii.img,dummy_category
,87.nii.img,dummy_category
,702.nii.img,dummy_category
,417.nii.img,dummy_category
,817.nii.img,dummy_category
,271.nii.img,dummy_category
,474.nii.img,dummy_category
,976.nii.img,dummy_category
,54.nii.img,dummy_category
,316.nii.img,dummy_category
,789.nii.img,dummy_category
,519.nii.img,dummy_category
,733.nii.img,dummy_category
,181.nii.img,dummy_category
,779.nii.img,dummy_category
,288.nii.img,dummy_category
,102.nii.img,dummy_category
,95.nii.img,dummy_category
,607.nii.img,dummy_category
,835.nii.img,dummy_category
,147.nii.img,dummy_category
,991.nii.img,dummy_category
,824.nii.img,dummy_category
,374.nii.img,dummy_category
,951.nii.img,dummy_category
,947.nii.img,dummy_category
,408.nii.img,dummy_category
,281.nii.img,dummy_category
,55.nii.img,dummy_category
,596.nii.img,dummy_category
,608.nii.img,dummy_category
,856.nii.img,dummy_category
,997.nii.img,dummy_category
